CountryName,"Meal, Inexpensive Restaurant","Meal for 2 People, Mid-range Restaurant, Three-course",McMeal at McDonalds (or Equivalent Combo Meal),Cappuccino (regular),Coke/Pepsi (0.33 liter bottle),Water (0.33 liter bottle),"Milk (regular), (1 liter)",Loaf of Fresh White Bread (500g),"Rice (white), (1kg)",Eggs (regular) (12),Local Cheese (1kg),Chicken Fillets (1kg),Apples (1kg),Banana (1kg),Oranges (1kg),Tomato (1kg),Potato (1kg),Onion (1kg),Lettuce (1 head),Water (1.5 liter bottle),Cigarettes 20 Pack (Marlboro),One-way Ticket (Local Transport),Monthly Pass (Regular Price),Taxi Start (Normal Tariff),Taxi 1km (Normal Tariff),Taxi 1hour Waiting (Normal Tariff),Gasoline (1 liter),Volkswagen Golf 1.4 90 KW Trendline (Or Equivalent New Car),Toyota Corolla Sedan 1.6l 97kW Comfort (Or Equivalent New Car),"Basic (Electricity, Heating, Cooling, Water, Garbage) for 85m2 Apartment",Mobile Phone Monthly Plan with Calls and 10GB+ Data,"Internet (60 Mbps or More, Unlimited Data, Cable/ADSL)","Fitness Club, Monthly Fee for 1 Adult",Tennis Court Rent (1 Hour on Weekend),"Cinema, International Release, 1 Seat","Preschool (or Kindergarten), Full Day, Private, Monthly for 1 Child","International Primary School, Yearly for 1 Child",1 Pair of Jeans (Levis 501 Or Similar),"1 Summer Dress in a Chain Store (Zara, H&M, ...)",1 Pair of Nike Running Shoes (Mid-Range),1 Pair of Men Leather Business Shoes,Apartment (1 bedroom) in City Centre,Apartment (1 bedroom) Outside of Centre,Apartment (3 bedrooms) in City Centre,Apartment (3 bedrooms) Outside of Centre,Price per Square Meter to Buy Apartment in City Centre,Price per Square Meter to Buy Apartment Outside of Centre,Average Monthly Net Salary (After Tax),"Mortgage Interest Rate in Percentages (%), Yearly, for 20 Years Fixed-Rate"
Afghanistan,67.65,295.94,112.76,36.08,13.91,6.23,22.98,8.29,53.56,49.2,118.39,106.31,19.54,26.74,29.03,17.79,11.93,10.69,9.4,10.37,56.38,9.02,315.72,22.55,29.32,45.1,33.38,259340.18,1262873.94,3140.27,495.9,5261.97,300.68,109.0,85.54,844.06,42095.8,512.24,614.9,902.05,819.36,3608.21,2104.79,7532.14,4560.38,14654.41,6771.56,6511.69,15.02
Aland Islands,452.87,2090.19,365.78,107.99,80.12,59.22,43.55,78.38,98.7,104.51,452.87,348.36,91.14,69.67,79.52,104.51,46.45,40.93,70.54,63.87,297.67,87.09,1741.82,243.86,34.84,696.73,71.76,818657.23,778014.68,6386.69,1027.68,1288.95,1316.04,754.79,487.71,4877.11,0.0,2438.55,987.03,2903.04,2786.92,22643.71,17679.51,39191.04,31788.29,97542.14,73156.6,85349.37,3.9
Albania,272.17,1190.76,238.15,53.56,50.41,24.45,58.25,27.89,63.21,105.36,327.21,232.42,42.61,73.97,49.41,50.63,32.39,33.76,32.73,20.34,119.08,13.61,544.35,102.07,102.07,476.31,66.2,782501.15,799072.99,2938.43,517.48,559.3,1295.5,585.85,272.17,6736.75,133306.77,1778.24,1460.21,2906.84,3901.18,14187.64,10024.81,23795.86,16353.81,62439.36,37141.5,18309.78,5.57
Algeria,74.95,626.07,119.19,21.46,16.66,6.9,28.3,4.97,46.83,54.33,241.47,156.9,100.03,98.01,52.68,23.36,16.98,14.59,16.56,9.44,82.89,7.05,352.57,24.83,12.19,149.55,10.57,1080097.56,1038309.19,1260.41,353.16,704.44,626.83,278.4,164.14,2210.0,77821.5,1140.78,1379.32,2238.99,2327.48,5863.68,3607.97,9126.52,5926.61,40620.07,22625.46,9206.58,6.43
Andorra,452.87,1532.81,313.53,82.83,66.84,53.59,36.98,40.82,65.32,72.63,425.28,301.16,74.9,66.62,62.64,96.41,63.23,58.53,47.64,25.78,165.47,65.32,1219.28,92.32,104.51,174.18,52.23,644474.84,696729.56,3512.68,905.75,1513.64,1542.76,557.38,313.53,19682.61,437546.16,3091.65,1114.7,3100.45,3091.74,32777.96,27552.49,59697.06,53996.54,161989.62,135281.66,83275.12,3.0
Angola,193.88,1842.09,271.26,122.46,52.69,33.46,60.5,39.42,68.27,81.89,287.68,206.34,84.8,31.76,107.11,75.95,61.51,56.84,40.45,16.66,76.54,19.04,1191.3,46.17,46.17,257.01,12.05,753201.78,831109.41,3087.77,683.54,4492.19,1234.93,536.53,145.16,24121.73,448036.95,4186.56,2701.86,5505.04,8751.73,16212.12,6956.59,110965.42,48185.96,309754.76,97946.11,127207.34,25.0
Argentina,213.0,803.15,192.76,56.4,37.56,29.79,28.81,39.42,35.72,53.68,206.12,131.74,52.96,49.56,36.08,47.99,26.03,26.93,32.93,31.71,64.25,9.64,417.64,32.13,32.13,192.76,28.55,715868.11,786069.75,1392.44,507.12,571.11,626.55,304.27,128.5,4339.71,124000.88,2091.52,1746.29,3347.82,3036.21,9587.63,6788.54,16994.4,12209.4,64987.03,49041.32,13662.84,53.81
Armenia,289.77,1655.83,248.38,103.53,30.69,18.87,47.94,23.11,73.38,70.61,261.29,227.46,36.66,55.49,54.05,61.7,22.18,20.84,27.05,22.19,82.79,8.28,331.17,57.95,9.94,124.19,40.92,993500.53,1069213.77,3636.84,295.4,681.17,2307.82,627.84,206.98,9388.58,259934.76,2561.32,1864.28,4164.33,3397.77,29086.51,19074.41,47696.28,28968.28,100991.05,46924.35,20981.9,14.18
Aruba,540.23,2891.36,321.26,126.9,51.0,47.62,56.54,88.83,113.75,137.82,405.15,242.31,129.75,88.35,181.73,182.98,84.09,79.62,85.27,76.2,298.95,92.81,1874.03,534.69,124.94,803.15,46.47,712925.38,914704.31,5383.07,2122.29,2737.7,2339.45,1244.05,321.26,6621.57,237864.58,2209.59,1674.19,3617.88,3496.12,23796.27,18044.08,43843.24,35269.01,117232.78,73508.55,55973.25,6.91
Australia,528.55,2854.16,317.13,112.35,85.66,71.77,49.62,78.77,69.12,128.02,324.01,273.05,102.9,84.64,100.01,140.64,79.02,69.8,74.64,54.82,938.7,105.71,3594.13,126.85,59.2,1268.52,40.02,887960.51,701096.9,7084.29,917.49,1807.61,1735.69,591.88,465.12,51966.88,429049.27,2696.62,2077.39,3715.06,4412.01,50315.37,39423.79,80035.03,58260.89,276368.24,212211.05,113623.71,6.48
Austria,522.55,2264.37,337.91,121.91,99.38,81.98,49.08,84.47,77.63,138.66,542.49,435.77,84.95,70.0,89.73,140.45,63.92,57.06,55.71,24.47,209.02,83.61,1776.66,174.18,62.71,1045.09,56.26,870911.95,800847.08,11412.92,665.54,1151.39,1340.17,701.51,418.04,10543.51,398539.08,3191.93,1398.5,3106.69,3906.59,29235.41,23707.64,52819.01,41496.45,213223.27,155596.92,81781.99,3.39
Azerbaijan,283.47,1133.87,245.67,103.71,20.09,11.66,44.73,14.17,70.77,50.18,165.66,143.09,35.52,54.59,46.21,56.53,22.14,17.11,16.87,18.4,113.39,7.56,566.93,47.24,18.9,113.39,19.48,661421.76,765480.96,1879.66,418.27,461.81,1323.72,703.42,188.98,7541.93,187259.67,1781.68,1652.2,3746.02,2780.92,13034.48,7480.37,24444.81,12894.95,54120.97,27792.64,13999.19,9.61
Bahamas,867.41,3621.43,289.14,164.36,74.45,69.87,116.25,146.05,179.88,181.38,272.93,336.06,123.14,92.57,132.6,146.21,122.49,100.01,96.84,80.32,353.39,48.19,1445.68,144.57,79.85,3212.62,48.07,1204732.5,1256937.57,9150.75,2296.7,2751.41,3061.63,1927.57,497.96,15594.59,347319.92,1963.27,1509.93,3676.67,3712.36,32447.46,35338.82,85564.92,100233.74,96378.6,43323.81,53274.77,7.65
Bahrain,234.35,1704.38,217.31,156.84,26.84,10.73,53.16,45.12,69.31,85.76,279.03,255.18,80.25,70.33,63.47,43.41,31.68,33.05,59.98,23.74,204.53,25.57,1124.89,170.44,170.44,852.19,11.82,1193066.02,649558.17,3772.54,877.19,1406.82,2732.02,1949.38,319.57,14050.21,273410.96,1633.36,2025.59,3195.71,2668.01,27745.34,20993.52,51796.11,36091.83,74566.63,52930.89,68036.81,7.86
Bangladesh,58.62,293.12,146.56,60.23,9.36,5.09,25.24,19.03,20.12,40.3,271.91,85.42,70.99,30.17,67.84,20.86,10.71,19.75,11.31,8.91,87.94,13.92,439.69,29.31,14.66,73.28,36.06,1025932.48,900116.93,1051.0,190.24,570.31,423.12,374.44,146.56,1248.39,39343.65,527.29,562.22,1249.89,1155.67,2887.33,1709.98,7497.68,4308.54,25930.52,14820.77,7899.13,9.42
Barbados,642.52,3212.62,321.26,145.4,57.39,41.5,113.7,85.41,136.96,168.27,578.87,370.79,143.36,101.2,140.51,151.97,104.28,123.12,82.47,78.12,321.26,56.22,2121.38,562.21,80.32,1285.05,66.96,1445679.0,1402844.07,3807.03,1606.31,1893.15,2518.46,508.66,321.26,8513.44,202796.64,2215.37,1854.56,4417.35,3604.16,21196.57,15507.07,51520.89,35215.26,112441.7,112441.7,38502.76,5.71
Belarus,245.76,983.03,147.45,49.45,21.81,12.48,21.69,18.05,37.39,39.54,191.65,116.83,31.14,52.33,52.46,68.54,14.6,20.53,38.75,17.49,49.15,8.36,472.25,35.11,9.83,181.86,23.77,589818.6,811343.76,1725.96,255.42,342.46,969.57,409.0,147.45,10212.6,166679.46,2073.84,1206.09,2900.04,2992.45,11963.2,7473.79,21212.52,13910.99,52269.03,33311.5,16312.99,16.73
Belgium,627.06,2786.92,348.36,114.22,89.01,79.51,38.28,70.89,70.73,108.5,462.12,347.99,80.98,61.14,80.68,87.93,54.98,47.83,41.41,30.01,278.69,87.09,1706.99,174.18,83.61,1393.46,60.84,922818.3,926870.95,6902.88,728.61,1725.22,1075.18,603.85,418.04,19178.1,586234.59,3083.22,1363.16,3091.03,4207.64,28441.69,24116.83,42973.22,36780.73,125590.88,100303.32,83104.83,3.39
Bermuda,1285.05,4818.93,481.89,179.37,103.52,85.67,140.75,260.76,173.35,235.12,469.07,862.52,357.87,232.74,288.89,261.64,275.63,210.63,203.36,139.52,578.27,144.57,2216.71,191.47,83.12,1606.31,75.4,1124417.0,1240071.32,8107.92,3292.94,4676.15,5126.81,1552.77,417.64,39506.05,781737.53,2386.52,1927.57,4196.48,4128.22,110720.65,74068.96,226131.38,172784.74,390824.97,190904.59,202385.42,6.98
Bhutan,96.57,579.39,96.57,50.21,17.7,5.79,28.0,27.14,22.85,63.85,121.67,117.81,85.71,53.01,68.06,32.83,17.38,22.85,13.91,12.97,125.54,67.6,257.01,30.9,57.94,5.79,33.99,695270.89,849775.53,715.68,1160.61,913.09,1609.42,481.89,115.88,8063.21,22210.04,682.4,386.26,1609.42,1287.54,3971.13,3414.69,6534.42,7788.42,69527.09,56007.93,14388.24,10.25
Bolivia,92.98,697.37,232.46,75.91,27.43,22.04,29.58,36.91,31.33,52.53,149.55,105.82,62.76,33.14,36.88,34.44,36.61,28.28,21.66,31.28,92.98,9.3,790.36,46.49,46.49,232.46,17.46,476538.87,594235.13,1220.78,724.2,1459.23,1183.6,521.74,216.19,5656.48,113240.25,1411.16,1805.42,2203.46,1987.66,9921.13,6944.76,18049.74,11702.4,37153.17,27093.99,12319.71,7.27
Bosnia And Herzegovina,160.39,870.91,176.2,44.15,48.09,30.44,37.23,30.17,55.74,76.71,245.18,221.14,36.54,50.0,48.41,52.09,28.15,33.18,31.0,20.34,106.93,35.64,980.18,44.55,26.73,267.32,47.9,712860.52,746251.78,4922.93,575.07,801.31,859.06,424.93,155.94,5082.58,83370.87,2051.11,982.34,2600.17,2953.47,7890.07,5979.6,12873.12,9478.98,61495.69,44407.44,21839.92,3.61
Botswana,141.87,945.81,189.16,64.1,22.56,14.51,37.55,22.68,48.91,59.77,210.17,160.39,52.55,39.88,53.51,41.18,36.74,34.16,30.7,25.73,113.5,16.55,666.79,16.55,70.94,82.76,35.16,567483.69,560727.93,1367.26,855.66,2445.45,939.89,221.67,212.81,4526.68,155739.72,1302.3,756.64,1885.7,2246.29,6825.57,4565.33,15792.97,11527.01,31345.91,1182257.69,22520.37,10.37
Brazil,190.24,951.19,221.94,57.22,36.37,22.71,34.47,51.71,38.0,70.52,294.06,125.51,65.75,42.58,33.69,50.7,36.47,34.7,23.65,22.42,76.1,31.71,1445.81,38.05,31.71,225.12,34.81,703818.83,941252.38,2391.52,576.36,661.07,781.73,832.26,221.94,9671.71,236874.12,1638.89,1477.26,2560.72,2049.92,11257.82,7549.7,21644.73,14976.37,55926.42,38694.49,14189.99,10.86
Brunei,131.09,1130.86,187.48,118.73,26.94,21.44,62.21,60.63,55.18,75.69,404.56,237.3,122.12,92.87,119.11,126.58,66.43,72.78,134.01,30.37,357.11,35.8,714.23,143.21,83.33,714.23,12.26,809456.86,864137.87,1742.43,689.4,2757.77,1548.8,194.04,154.93,7191.61,346721.42,1827.38,1631.55,2828.21,2861.53,17617.59,17471.08,43215.51,29780.81,54195.3,91694.94,63743.51,3.8
Bulgaria,348.36,1245.4,266.87,61.08,42.8,26.93,54.76,31.96,64.22,104.61,307.1,226.01,46.37,58.34,53.37,72.33,32.09,36.88,31.63,20.94,106.75,28.47,889.57,37.36,21.71,364.72,48.37,972445.1,813337.84,3710.2,541.46,418.5,966.06,474.22,266.87,14336.16,215042.45,1765.17,1043.49,2718.12,2841.87,13600.28,10257.29,24609.63,17599.55,63833.92,42557.44,29556.92,4.59
Cambodia,115.51,963.79,200.79,81.57,26.69,19.21,68.93,58.81,29.59,61.17,424.33,143.33,118.6,46.32,112.87,46.12,45.24,40.26,53.01,23.3,60.24,48.19,340.54,32.13,32.13,128.5,37.97,1574183.8,1389458.15,3118.22,189.38,944.15,1388.99,364.1,192.76,9733.05,308040.83,709.99,628.25,2873.51,1506.72,12425.59,7241.78,28311.21,15298.19,60739.94,44735.73,9121.58,10.62
Cameroon,212.43,2535.9,159.32,47.24,42.82,19.85,77.36,19.48,37.06,57.42,440.92,163.19,109.63,40.56,45.82,37.53,43.46,46.26,18.0,20.68,79.66,23.9,531.08,15.93,13.28,159.32,37.63,949967.0,372330.41,4146.84,763.43,3701.93,817.04,227.92,199.15,13940.82,95743.53,1954.37,1828.14,3784.96,3819.97,22495.94,13565.02,49625.21,26630.21,61935.28,28947.25,5295.17,17.9
Canada,591.01,2364.05,342.79,120.68,68.15,55.57,69.2,85.19,120.07,111.72,371.18,392.37,135.35,46.15,122.72,134.78,84.83,85.05,83.79,57.81,449.17,82.74,2479.88,106.38,49.64,945.62,37.59,803255.47,656130.03,5095.4,1546.91,2034.91,1380.32,636.82,368.79,26449.42,427433.65,1888.84,1339.1,2865.19,3553.7,45057.12,40828.75,73431.93,62189.14,233641.87,162222.08,92209.44,7.05
Cayman Islands,965.09,4632.45,463.25,204.49,109.71,88.8,105.49,161.35,186.23,253.31,446.58,373.54,303.62,125.19,243.32,241.06,185.87,164.44,134.05,95.13,463.25,86.86,965.09,579.06,193.02,1737.17,59.91,1061603.28,1118543.82,13753.48,2766.6,3857.44,2774.64,1567.31,579.06,39706.72,835642.63,2750.52,4149.9,4529.51,4535.94,85786.12,66913.18,176290.48,138115.66,387378.55,276794.75,148003.63,6.62
Chile,270.69,1353.47,236.86,89.81,42.51,33.83,36.82,46.43,50.44,104.75,329.1,196.92,60.23,54.16,56.44,54.98,42.97,44.41,35.66,38.89,162.42,25.38,1285.79,16.92,50.75,304.53,44.18,507549.63,595127.32,4008.44,365.44,709.94,1176.18,629.93,169.18,11335.01,178293.2,1518.25,898.74,2025.85,2321.71,14356.5,11882.55,24786.65,20779.41,70089.42,70489.75,20635.55,5.22
China,111.04,888.35,168.79,105.93,14.79,9.46,62.6,52.11,30.79,55.62,413.51,114.16,58.76,43.61,50.7,38.79,25.06,29.81,20.5,17.89,111.04,13.33,888.35,44.42,11.1,213.2,37.85,665372.3,586372.86,1721.23,401.4,394.69,1395.67,494.77,222.09,15910.65,644829.55,1683.76,1063.57,2453.38,2683.49,16002.98,8560.09,35296.06,17744.41,226827.94,120465.82,29502.15,4.67
Colombia,153.32,851.76,212.94,51.73,27.71,20.96,39.31,46.31,40.55,73.17,164.81,179.99,84.45,35.11,42.06,44.14,36.98,37.89,27.0,26.3,80.92,24.7,1209.5,51.11,59.62,212.94,30.24,596234.28,898433.16,2840.48,311.82,828.53,765.53,319.74,144.8,6842.32,197520.96,1802.96,1323.82,2843.56,2584.58,11782.42,9590.64,20761.71,16347.32,53971.94,43767.38,12703.31,13.68
Costa Rica,316.0,1896.03,316.0,112.7,64.81,50.64,60.73,88.42,71.94,113.06,265.39,295.88,148.77,52.07,93.29,83.57,83.17,81.47,32.98,77.33,154.84,31.6,1373.93,56.56,57.2,232.26,48.69,1045975.75,1102141.76,2700.5,775.01,1640.06,1766.11,1053.18,240.16,14739.51,285554.06,2434.46,1672.47,3740.91,3269.19,21514.8,15113.44,40461.83,29126.99,63106.94,42231.0,29327.17,9.84
Croatia,348.36,1853.81,243.86,67.26,82.27,57.11,37.89,43.15,86.73,106.77,345.07,311.25,48.35,50.13,56.15,77.93,35.51,36.28,35.91,34.31,161.99,49.75,1536.35,92.39,34.84,243.86,53.25,1045094.34,808633.97,5301.17,673.57,878.9,1341.36,374.44,230.97,6050.7,254515.81,2752.38,1231.06,2929.67,3214.7,18951.28,15257.93,31525.65,24229.31,119128.82,88606.15,40076.71,4.16
Cuba,224.88,803.15,208.82,42.26,73.43,43.75,102.08,26.77,65.27,84.57,189.46,170.88,160.63,30.55,40.18,41.45,53.99,89.29,22.87,33.53,115.72,6.43,642.52,64.25,24.09,642.52,40.05,2248834.0,2650411.5,1184.65,1285.05,5782.72,748.08,337.33,32.13,2794.98,491289.91,995.91,1003.94,2228.76,2134.1,10390.08,15152.34,34225.34,17384.65,12699.85,10456.64,981.31,10.0
Cyprus,522.55,2090.19,243.86,119.92,62.69,27.77,55.76,65.76,84.15,121.98,403.32,276.99,88.0,62.52,59.51,93.9,45.98,40.94,24.42,29.71,174.18,69.67,1741.82,209.02,61.83,1045.09,48.75,870911.95,990025.91,6452.54,705.18,1112.66,2125.28,850.08,348.36,14637.36,251325.74,2905.6,1427.08,3042.04,3784.51,31532.4,24065.03,57955.23,47817.9,96236.08,71899.81,52005.49,3.75
Czech Republic,266.8,1375.25,247.54,86.02,49.22,44.21,31.82,48.54,72.14,84.78,359.51,261.31,50.48,51.69,64.17,92.44,36.49,39.46,40.19,21.72,198.04,41.26,756.39,68.76,41.26,446.96,52.16,825148.65,859481.86,9138.47,869.12,662.5,1705.74,481.48,302.55,12589.83,265123.78,2444.76,1191.04,2925.86,3397.59,26642.22,20464.78,45261.37,33426.45,149576.23,107749.55,50047.84,5.77
Democratic Republic of the Congo,321.26,1686.63,321.26,150.08,56.5,42.92,60.44,51.63,60.89,107.11,229.19,143.31,125.59,64.9,116.42,76.03,87.76,82.99,52.18,39.62,160.63,16.06,481.89,321.26,64.25,321.26,43.2,642524.0,738902.6,16148.56,674.65,4584.87,2048.05,722.84,321.26,3654.36,73890.26,990.56,963.79,2168.52,3396.2,47475.38,13252.06,88525.53,27842.71,226875.23,22488.34,16063.1,17.0
Denmark,700.18,3267.51,420.11,187.27,128.23,96.63,63.12,102.71,73.41,144.2,395.05,353.78,96.75,99.06,102.71,133.38,62.91,56.17,61.53,42.74,280.07,112.03,2800.73,233.39,70.02,2100.54,66.72,1400363.25,1446410.65,7094.99,615.12,1184.22,1251.32,894.35,560.15,16032.6,201964.12,3409.3,1396.58,3488.28,4973.46,37168.26,27662.6,63328.17,48950.72,186406.31,131791.37,117146.76,3.92
Dominican Republic,217.3,1521.12,217.3,64.67,30.32,21.36,38.36,53.57,37.96,53.25,220.2,157.88,82.83,27.92,73.44,46.4,43.29,69.59,25.72,24.92,135.81,21.73,1358.14,108.65,81.49,176.56,41.01,847479.8,962369.29,1697.58,592.34,1359.26,831.67,426.46,190.14,8572.58,159075.32,1443.5,1670.85,2578.33,2532.62,15462.19,8168.79,29337.25,15331.41,48128.32,32186.47,12630.05,12.72
Ecuador,112.44,1124.42,224.88,77.9,31.78,21.48,34.9,54.06,45.53,65.36,184.1,188.28,72.12,38.82,43.42,40.45,36.09,33.87,22.86,36.13,192.76,11.24,642.52,48.19,48.19,321.26,21.12,690713.3,875289.82,1531.18,396.98,1153.55,1152.27,526.55,224.88,7453.28,220967.06,1736.34,1557.28,3208.97,2751.86,11250.76,8563.84,19545.46,15262.58,40425.47,37020.57,16607.49,10.41
Egypt,118.66,542.44,135.61,45.23,7.79,3.75,27.34,19.09,24.43,43.66,106.77,143.49,42.23,14.47,11.27,10.7,11.72,20.45,6.66,5.53,54.24,6.78,203.42,10.17,9.3,37.29,8.26,1017081.05,874390.56,588.56,194.58,248.25,482.69,192.47,101.71,2816.34,56908.11,879.44,1221.85,2762.39,1406.15,5370.74,3341.84,9105.3,6639.97,17489.76,10739.5,4019.12,13.12
El Salvador,257.01,963.79,232.91,105.37,32.23,25.49,61.87,60.97,49.95,81.75,221.03,159.86,94.91,55.88,77.28,73.16,76.94,61.81,32.24,32.83,128.5,11.24,843.31,160.63,96.38,321.26,34.11,610397.8,733944.85,2802.12,568.6,1365.36,908.8,690.23,160.63,4622.6,146375.0,2068.36,1674.13,3123.38,3256.79,24084.34,17821.51,33264.0,28555.14,49615.16,33277.06,13900.76,10.73
Estonia,348.36,2090.19,278.69,116.93,69.15,57.63,37.1,38.81,69.16,87.37,339.61,256.53,54.92,45.41,71.79,87.27,30.42,32.23,56.61,31.83,188.12,62.71,1045.09,104.51,27.87,418.04,60.06,908204.4,887345.68,9411.83,644.1,914.94,1617.09,889.87,348.02,10153.63,252095.0,2873.46,1095.27,2706.13,3186.88,20820.6,15376.43,33950.74,25434.42,124918.38,88422.51,52219.96,4.29
Ethiopia,160.63,787.09,192.76,27.84,21.43,14.65,44.91,33.59,62.54,81.68,291.26,363.88,176.79,34.05,77.02,25.97,19.96,47.53,13.92,16.39,96.38,9.16,353.39,47.5,9.64,64.25,37.98,803155.0,1583453.97,5557.83,397.56,4707.74,2093.01,963.79,176.69,2673.98,1410875.62,1279.21,1922.09,2869.61,3255.84,17648.76,8823.23,43330.83,20134.56,73540.73,48930.37,6795.6,15.38
Fiji,142.96,1286.62,235.88,97.23,39.09,30.03,39.49,17.48,33.02,87.26,290.2,220.81,81.49,63.46,82.83,84.71,40.56,38.3,31.51,27.76,300.21,28.59,959.53,28.59,14.3,154.39,41.77,613775.18,710023.93,1573.91,441.87,750.53,827.11,214.44,142.96,6254.41,218010.7,806.69,988.45,1799.48,1996.05,19013.39,9649.65,47334.93,21948.35,30599.77,22166.53,32453.92,6.04
Finland,470.29,2786.92,348.36,143.61,86.68,59.43,36.67,83.41,81.79,100.45,265.9,385.04,76.39,60.48,76.74,129.43,41.25,56.64,63.52,55.63,348.36,104.51,2055.35,243.86,52.25,1741.82,68.04,992839.62,1038025.61,4112.73,920.33,723.62,1415.72,848.95,522.55,10273.3,299512.95,2839.17,1180.13,2820.39,3908.17,27051.65,22221.84,45131.87,35020.48,179998.17,120092.93,91561.19,3.29
France,522.55,2090.19,348.36,106.21,96.37,66.47,39.23,61.06,75.13,132.29,590.28,445.86,96.13,70.71,103.02,119.27,70.86,71.52,47.05,24.75,383.2,62.71,2271.94,97.54,63.4,961.49,63.46,1080975.91,931700.12,6130.04,927.64,1028.68,1152.42,545.34,418.04,23754.89,360312.45,2956.07,1299.07,3088.86,4051.5,27578.04,20357.78,51531.41,40817.12,206121.01,156568.7,80329.58,3.55
Georgia,299.68,1198.74,260.37,91.88,27.56,14.35,62.99,21.26,59.09,77.75,269.21,203.66,41.26,53.08,51.65,51.65,22.72,26.68,38.63,20.55,95.9,11.99,479.5,35.96,23.97,179.81,37.76,719243.28,740602.63,2251.07,336.49,587.21,1570.18,396.18,191.8,7438.33,139591.07,2194.32,1432.35,3764.27,4010.64,19310.79,13556.78,36980.15,23298.72,50197.16,29460.85,15669.66,11.77
Germany,452.87,2090.19,348.02,115.03,93.47,83.71,36.35,68.33,95.59,115.97,437.25,513.88,90.81,45.56,70.58,104.65,51.56,55.26,64.89,29.73,285.66,104.51,1706.99,153.28,73.16,1045.09,60.96,946855.47,960384.08,10308.5,687.47,1611.37,1177.31,713.92,418.04,13708.97,417228.59,2737.4,1301.66,2943.23,3912.56,32114.38,24378.38,59744.65,45907.85,206679.05,167784.22,97754.07,3.98
Ghana,128.29,1572.93,214.43,77.18,22.41,9.5,81.3,49.52,64.04,77.17,214.05,145.56,84.02,39.32,46.9,74.92,77.75,62.49,24.93,17.31,50.46,26.61,1059.01,50.9,41.06,180.65,37.1,250166.31,351203.53,1670.99,357.42,1586.54,1099.65,264.87,279.27,2352.57,195363.09,537.11,645.46,1213.18,1274.79,13068.52,3157.99,43102.27,13599.51,30137.56,1155328.93,7789.57,23.0
Gibraltar,568.42,2639.07,324.81,93.32,60.96,59.28,57.57,56.92,105.56,124.65,209.77,304.71,161.39,128.84,89.73,82.12,79.44,78.46,53.59,48.72,144.13,40.6,261.88,154.28,81.2,253.76,50.14,999802.44,913525.07,3819.59,1218.03,1722.16,2283.81,304.51,345.11,25939.65,487213.37,4034.74,1344.91,4116.55,3654.1,52992.91,51033.37,104867.12,98356.2,310620.63,277753.67,100268.25,4.3
Greece,522.55,1741.82,313.53,115.7,71.04,17.46,52.81,43.32,76.55,140.66,432.28,328.03,62.12,62.51,44.91,66.91,39.18,39.8,32.9,27.34,160.25,41.8,1045.09,139.35,34.84,522.55,66.58,877443.79,831327.63,7463.04,731.76,1035.62,1462.04,753.34,278.69,13370.19,288360.21,2753.1,1200.78,2935.45,3464.79,17295.47,13983.45,28976.89,24568.25,92504.86,77064.41,31878.06,4.46
Grenada,237.75,2466.63,278.69,121.25,55.57,38.73,91.68,44.51,54.29,118.43,339.05,226.54,175.66,60.65,66.31,155.01,60.01,67.35,43.59,49.93,174.18,38.63,1204.01,617.89,297.18,766.4,43.89,784566.13,995566.87,6365.27,594.37,1491.2,1885.47,511.65,317.66,6465.39,56894.23,2157.88,1409.97,1724.22,2785.82,25041.18,13954.91,54630.27,29312.86,45763.52,1215240.93,36008.78,6.66
Guam,481.89,2518.37,353.39,173.12,66.13,48.19,104.18,160.62,206.48,165.02,502.39,338.55,259.34,92.66,349.0,259.34,167.68,96.85,95.54,85.56,266.33,80.32,1606.31,803.15,37.53,1028.04,43.74,610397.8,827774.38,10753.23,2409.46,2971.67,4310.27,835.28,369.45,15661.52,760320.07,1914.72,1471.32,2589.31,4136.25,54268.57,39865.69,90435.25,79585.36,51870.53,25935.27,125070.87,4.32
Guatemala,165.19,1321.53,206.49,89.44,33.43,25.42,55.27,67.31,53.79,65.98,224.1,224.01,103.2,40.1,73.28,49.81,46.87,50.72,24.85,32.92,119.76,20.65,309.73,123.89,26.84,412.98,36.56,578168.85,687997.9,1979.91,619.01,1458.4,1445.1,616.37,206.49,5926.23,230538.32,1693.21,1796.45,3129.1,3265.7,15716.28,11230.67,33750.45,19507.13,49571.91,34530.96,16342.68,8.11
Guernsey,609.02,2436.07,243.61,122.65,77.91,57.15,66.23,69.53,79.68,162.47,374.95,292.06,114.93,116.63,131.11,133.82,74.5,57.93,53.32,50.6,322.78,50.75,1542.84,176.61,50.75,957.37,60.87,946005.96,970116.26,5552.94,649.21,2024.68,2469.29,719.52,294.36,59345.33,498804.99,2867.45,1245.12,2715.2,2632.31,57788.92,53627.3,96258.47,87495.4,251293.83,141693.08,101026.88,3.58
Guyana,260.84,2301.52,276.18,138.81,37.42,20.96,123.08,54.19,59.81,84.54,303.65,210.27,146.83,74.66,78.6,101.14,45.93,47.42,42.19,51.02,70.58,18.41,951.3,76.72,92.06,306.87,33.77,506335.37,579984.16,2276.27,894.53,2102.15,1112.4,434.73,230.15,4961.06,92060.98,1006.92,1598.28,2173.66,2020.23,20977.47,8055.34,33095.17,20569.95,123838.92,55418.65,13811.32,7.0
Haiti,401.44,2858.31,365.79,52.93,50.28,48.19,62.65,55.69,111.32,86.15,289.14,489.29,160.63,59.43,80.32,74.96,144.57,89.95,26.83,33.73,64.25,13.83,642.52,13.02,16.41,642.52,43.33,1124417.0,1445679.0,2432.49,1606.31,4627.24,2131.93,642.52,240.95,3212.62,220636.37,2570.1,2409.46,3855.14,4818.93,29234.84,28592.32,40479.01,30680.52,87822.89,54285.26,48403.47,12.0
Honduras,195.5,931.66,234.6,70.23,29.74,26.02,42.43,64.5,41.0,69.57,150.84,140.33,99.04,43.84,77.51,50.57,48.58,52.61,31.14,49.08,78.2,19.6,887.97,110.78,48.88,160.63,35.55,651671.86,744381.5,3423.48,149.88,2362.24,1417.83,685.91,195.5,6773.51,109259.2,1434.39,1161.25,2686.76,2773.52,11410.57,8575.29,24038.41,17383.02,30818.01,28201.61,18180.33,12.03
Hong Kong (China),272.85,2051.49,184.63,166.22,43.63,35.99,102.31,72.52,74.96,127.6,867.39,327.16,124.74,78.99,123.76,103.73,83.84,84.99,46.62,53.34,359.01,49.24,2051.49,110.78,41.03,467.74,97.16,1065956.58,1039467.06,7477.16,599.25,662.27,2804.52,261.61,410.3,30124.27,670154.9,2455.13,1281.23,2841.0,4284.75,73064.77,51550.38,151517.53,103250.52,916805.74,598266.96,133297.91,3.91
Hungary,312.27,1605.96,240.89,63.38,42.73,32.78,34.5,47.58,59.11,84.84,322.21,172.08,47.58,56.9,57.85,94.56,36.31,40.06,40.47,15.25,187.36,40.15,847.59,98.14,39.26,588.85,54.63,891756.27,858562.16,4800.44,828.85,521.88,1324.16,442.43,223.05,10726.96,264682.33,2330.23,970.13,2648.26,2849.29,15243.36,12289.76,25351.0,19935.05,93406.08,70424.46,30677.08,8.88
Iceland,694.97,3780.83,532.58,156.74,90.76,67.3,51.98,110.92,100.85,185.2,471.27,596.58,98.0,70.14,85.51,151.38,99.03,57.24,99.26,65.98,370.65,132.04,2154.41,169.11,75.06,2168.31,71.97,1203458.39,1356500.96,3416.74,769.22,2253.98,2005.74,984.16,463.31,8551.29,179823.79,3756.03,1643.3,4863.3,5758.47,55355.58,50054.46,79012.01,71582.03,185844.87,151385.46,134007.97,7.37
India,96.42,462.82,134.99,61.09,13.93,5.93,22.5,15.95,22.59,30.83,172.26,102.1,68.61,23.85,35.19,16.88,11.6,13.03,17.87,11.19,134.99,11.57,385.68,27.0,9.64,38.57,40.23,462818.71,737158.36,1355.66,120.84,267.49,558.03,247.53,115.7,2444.28,59524.21,858.52,892.0,1449.69,1079.91,6706.84,4243.48,15784.05,9744.72,62191.75,33457.04,19839.18,8.9
Indonesia,60.66,505.52,101.1,65.17,17.91,10.32,40.47,35.69,27.18,50.66,246.2,104.9,84.19,44.24,57.15,37.32,41.18,66.48,27.32,13.84,70.77,10.11,303.31,18.0,10.11,101.1,27.23,808829.44,909603.13,2102.86,136.2,849.83,822.35,271.21,101.1,3263.33,199480.43,1280.67,858.22,2255.42,1951.34,9228.41,5240.25,23010.94,13025.38,49398.2,25464.05,10228.89,9.14
Iran,124.81,706.78,128.5,40.28,18.88,25.03,20.69,18.35,76.94,37.03,122.35,104.8,30.62,47.21,30.75,18.94,16.73,16.31,16.67,8.12,64.25,8.03,420.85,16.06,9.64,70.19,19.48,2243638.87,2019146.19,504.02,71.82,323.04,477.5,358.04,49.8,3336.65,40127.05,934.52,916.93,3815.98,2151.0,10940.52,7034.12,22467.61,14598.59,46864.45,27873.07,5411.0,22.08
Iraq,159.63,706.78,196.46,71.05,14.24,6.54,39.41,26.47,49.0,55.54,163.64,126.47,31.53,35.17,32.0,21.65,20.44,19.54,19.81,16.72,64.25,12.28,1067.74,73.67,62.82,171.91,18.54,589393.48,640608.47,3100.59,736.49,1063.04,1048.58,408.91,245.58,4521.71,68155.07,785.6,801.55,1628.43,1381.34,10875.66,7147.14,18766.5,12838.83,37292.06,19927.94,17567.72,9.75
Ireland,557.38,2786.92,313.53,124.64,79.16,59.92,43.7,60.99,55.51,128.91,284.19,322.9,87.95,66.72,88.54,110.76,60.16,44.9,38.25,52.67,539.97,73.16,3483.65,156.76,52.25,870.91,61.84,1277627.83,1129740.35,7364.07,724.14,1692.87,1652.55,716.75,418.04,37554.57,299866.34,2904.2,1343.31,2953.3,3155.75,56978.66,49312.15,94420.0,76675.44,167442.92,127337.47,99663.28,4.39
Isle Of Man,629.32,2781.18,276.09,129.42,67.7,54.64,53.56,57.29,68.48,104.67,192.86,245.48,79.85,52.78,73.08,97.44,36.13,57.86,32.07,25.27,568.42,87.29,1827.05,121.8,44.66,1218.03,63.54,1015027.85,1055070.7,5566.86,967.66,2053.26,1438.38,690.22,324.81,32480.89,581949.3,1989.45,1161.19,2348.1,2612.01,34326.4,28420.78,58617.86,48044.65,87969.08,74435.38,157271.32,2.74
Israel,597.61,2561.2,469.55,117.69,83.59,68.9,55.55,76.47,84.71,119.15,429.59,319.56,97.78,67.56,55.55,59.42,41.85,44.2,57.25,41.13,298.81,49.94,1920.9,128.06,34.15,891.3,60.7,1195228.3,1239980.12,7130.62,376.86,864.84,2160.68,567.83,384.18,29245.53,310012.9,2637.98,1755.34,3557.92,3952.93,40630.37,31087.07,65080.32,49973.96,257939.34,203597.27,81351.14,4.1
Italy,522.55,2090.19,348.36,55.1,84.43,39.22,50.91,69.44,90.95,119.67,457.54,373.2,70.87,64.98,78.51,97.82,54.42,51.05,45.43,15.26,209.02,59.22,1219.28,174.18,52.25,1045.09,62.72,870911.95,941265.24,6973.94,445.92,960.25,1683.32,698.21,313.53,18139.83,317354.45,2717.93,1156.24,2934.66,3907.4,26836.87,19983.37,48054.55,33490.33,142787.52,86950.16,54941.08,4.81
Ivory Coast,132.77,1327.7,305.37,84.09,25.94,22.79,75.35,21.91,40.13,68.17,440.04,256.69,91.78,25.85,53.7,44.01,42.19,50.12,20.23,24.76,39.83,26.55,1327.7,53.11,53.11,371.76,43.02,955941.63,886237.55,4661.69,1266.92,1852.87,2323.47,564.27,265.54,3983.09,96921.86,2094.81,1274.59,2329.08,3156.97,19767.93,8829.18,49788.63,26222.01,65499.7,48460.93,5971.78,11.58
Jamaica,208.19,2081.91,208.19,110.86,40.29,25.42,106.67,85.6,40.78,107.56,352.36,204.25,171.96,95.25,110.96,78.12,88.24,79.72,65.84,41.27,291.47,31.23,1353.24,31.23,104.1,275.85,43.68,1249145.62,1037636.64,4591.45,666.21,1426.95,1727.15,386.89,312.29,7055.36,92644.97,949.87,815.41,1887.6,2096.78,15509.63,10258.49,33663.35,23397.9,69358.11,94847.2,19788.89,8.15
Japan,211.91,1271.44,158.93,94.22,32.36,23.66,44.95,47.96,111.27,69.08,350.31,196.4,145.7,71.18,131.03,135.52,81.66,71.39,39.48,26.92,127.14,46.62,1695.26,118.67,84.76,731.08,36.07,708194.06,525436.16,5252.99,829.4,1047.62,1776.43,552.93,381.43,11055.76,403169.82,1346.87,968.69,1801.69,2468.03,18052.19,12240.79,38596.9,24240.06,182392.89,110306.06,70617.35,1.79
Jersey,913.53,4060.11,284.21,143.41,78.56,59.79,62.68,60.19,98.97,153.38,316.11,351.61,104.67,60.9,102.31,91.35,87.6,59.38,57.65,62.85,419.0,89.32,2111.26,162.4,126.14,548.12,60.86,1117342.66,1015027.85,4883.89,609.02,2063.89,2545.38,584.66,507.51,65900.48,605064.87,2816.7,1537.77,3112.75,3973.11,59074.62,55037.07,106747.1,103025.33,287901.97,312441.3,97550.94,2.79
Jordan,226.59,1359.55,226.59,102.02,15.5,12.24,47.09,17.06,54.49,62.74,227.13,165.04,59.64,51.96,46.14,23.01,28.18,25.6,20.06,18.22,113.3,22.66,1812.74,18.13,45.32,226.59,45.93,997004.37,1029482.55,2880.83,515.57,1058.01,1648.46,1031.45,407.87,5919.5,170968.32,1691.3,1609.88,3349.31,2572.16,9362.3,7136.77,16828.23,12409.52,37277.41,24307.16,20257.72,7.79
Kazakhstan,288.09,1080.34,198.06,71.15,28.31,16.16,40.2,16.57,51.84,55.65,317.64,172.54,43.35,66.61,74.62,69.62,18.08,16.88,34.8,23.26,57.62,6.48,518.56,43.21,21.61,144.05,16.6,720225.65,916688.81,1915.56,311.17,417.43,1536.81,492.15,180.06,8042.47,287335.19,2561.25,1546.52,3507.73,3465.12,18124.48,12612.32,32452.76,22615.09,47395.66,32611.54,19585.6,16.54
Kenya,123.73,989.86,173.22,73.1,18.36,14.52,26.43,16.85,49.6,51.85,334.7,187.94,73.69,29.92,53.11,26.05,25.38,29.08,20.06,19.96,86.61,24.75,1108.64,49.49,39.59,74.24,49.32,532047.88,549061.04,900.78,445.44,1285.25,1379.05,573.26,197.97,4420.84,224507.43,502.62,729.07,1398.2,1500.24,10065.97,4966.96,28349.2,12547.89,37008.58,25273.06,12726.73,12.83
Kosovo (Disputed Territory),165.47,696.73,202.05,43.2,39.95,34.84,40.36,18.73,48.55,58.17,197.17,172.2,40.61,49.33,45.29,49.64,30.84,29.96,26.56,17.83,104.51,17.42,505.13,69.67,33.09,209.02,56.44,696729.56,740266.45,3231.28,341.71,799.06,836.08,464.49,174.18,5269.02,157925.37,2283.78,1218.7,2960.52,4179.8,11210.81,8026.32,19880.02,13350.41,56004.43,31851.92,15922.1,4.7
Kuwait,208.94,1880.43,240.28,168.63,16.87,12.99,48.9,31.69,61.51,74.31,180.45,179.75,70.65,56.3,55.97,48.6,38.13,28.85,52.58,14.34,104.47,31.34,1567.02,104.47,104.47,443.99,10.89,679044.03,589425.14,1694.91,664.8,1012.98,3557.73,1710.67,365.64,14960.05,190001.74,1435.3,1583.64,2987.79,3009.68,28192.33,21781.64,56334.54,44685.08,182610.09,105935.41,91841.2,5.11
Kyrgyzstan,179.81,593.36,175.13,62.77,20.29,9.8,26.7,13.85,48.56,52.51,261.73,154.01,28.89,54.52,58.99,53.84,15.33,15.22,11.78,13.56,44.95,5.39,251.73,35.96,7.19,107.88,23.79,1079913.53,777632.1,946.9,236.15,379.61,1222.67,539.42,125.86,6191.81,186679.67,1048.01,1138.77,2555.82,2147.4,14430.85,10284.96,25881.12,17791.91,32676.98,23224.07,10050.22,19.5
Laos,60.84,642.52,112.44,50.34,25.7,16.01,64.82,29.43,40.19,61.11,760.77,189.22,64.51,44.46,71.1,76.62,41.17,34.01,35.11,15.23,64.25,15.72,1950.99,64.25,64.25,152.09,43.95,935596.13,957638.9,3543.01,825.83,365.01,1650.75,258.6,80.32,8371.68,244592.39,2355.33,1998.44,2444.81,1736.42,34172.61,20941.91,43138.22,36031.01,86638.57,2722.35,15394.11,10.12
Latvia,348.36,2090.19,243.86,99.55,50.15,39.57,39.27,45.43,93.56,88.31,341.54,229.94,45.42,56.68,73.17,101.62,26.54,32.54,51.28,26.93,156.76,52.25,1045.09,70.37,29.61,341.4,58.32,853493.71,829569.25,10596.62,599.29,551.03,1436.33,836.08,348.36,14631.32,455129.88,2711.24,1495.28,2891.43,3993.65,15858.17,10830.98,28333.67,19105.63,83463.81,49781.52,37233.87,4.03
Lebanon,273.07,1606.31,224.88,75.23,50.65,32.13,54.61,23.19,51.73,73.46,306.17,234.96,43.45,38.28,27.71,31.64,22.46,27.77,21.95,14.2,77.42,48.19,2730.73,192.76,38.55,642.52,30.02,803155.0,650555.55,7085.1,1424.47,1532.02,1602.93,682.06,224.88,8980.73,125292.18,2155.9,2001.71,3513.8,3385.61,22564.83,10441.01,46413.9,20962.35,107993.46,43599.84,13340.83,9.78
Liberia,321.26,4818.93,321.26,100.39,54.61,80.32,48.47,50.17,140.63,126.42,379.44,263.85,77.15,171.31,244.6,189.84,80.44,223.72,117.8,44.44,160.63,96.38,166.22,88.35,39.92,562.21,35.77,162875.76,690713.3,8757.53,722.84,2995.77,2449.62,265.04,313.22,2387.96,48189.3,591.52,1084.26,1807.1,2208.68,19677.3,2891.36,58630.31,9522.18,160631.0,80315.5,65151.93,5.0
Libya,133.06,698.57,133.06,17.65,15.4,5.24,30.07,11.25,33.53,43.57,165.71,101.83,53.02,38.25,25.16,17.25,19.43,19.36,15.3,7.57,73.18,13.31,562.21,33.27,33.27,182.96,1.0,498978.63,511458.92,979.47,285.89,813.34,750.56,367.17,166.33,1953.9,33423.32,959.63,936.4,1463.09,1650.05,5797.08,3384.52,12331.72,6688.56,22764.78,9079.91,9456.57,14.95
Lithuania,365.78,2003.1,243.86,105.65,68.16,57.82,45.47,52.12,78.56,85.72,388.19,230.17,45.65,53.71,64.41,101.13,27.58,29.71,56.09,27.88,168.09,34.84,1010.26,69.67,27.69,380.59,52.99,1173989.31,954251.52,6646.86,468.08,490.14,1168.84,887.73,278.69,16957.9,255698.01,2679.33,1144.77,2944.13,3588.16,20779.13,14582.65,37623.4,26181.09,123556.8,73725.02,43325.46,3.96
Luxembourg,627.06,2786.92,416.3,130.04,103.95,104.83,45.93,93.88,80.56,134.96,546.53,417.47,89.69,62.23,90.78,140.14,59.41,53.97,58.32,20.86,191.6,0.0,0.0,156.76,104.51,1358.62,53.08,878506.3,956120.65,7389.54,665.21,1672.46,1225.75,735.05,418.04,43817.76,563607.77,2202.87,1093.3,3122.43,3664.77,55872.35,45266.18,89361.22,73448.62,361400.79,270207.46,171887.07,2.5
Macao (China),199.48,1795.29,191.5,145.65,24.45,20.87,84.14,76.47,78.47,85.43,658.75,234.2,115.39,98.41,123.68,92.71,107.76,96.98,47.97,36.8,199.48,23.94,598.43,75.8,39.1,438.85,55.61,821843.05,1001980.13,2771.48,750.03,989.9,3324.61,109.71,438.85,24003.67,388979.11,1785.71,1350.74,2492.46,3277.11,35019.2,30170.82,62280.99,60840.32,377315.91,321280.98,85276.19,3.45
Madagascar,87.59,510.97,145.99,37.87,33.62,20.96,33.33,32.1,23.31,66.91,277.66,158.5,43.97,20.96,30.86,24.64,18.74,25.18,11.13,19.55,58.4,7.3,233.08,73.0,43.8,145.99,40.65,474470.77,772292.42,1289.59,433.11,1797.02,1017.88,374.1,200.74,3649.78,383618.43,671.56,711.71,2776.26,2422.54,13139.19,3833.45,24635.98,11733.16,25913.4,16423.99,4722.81,17.25
Malawi,156.55,1096.99,286.75,85.86,25.93,14.23,38.3,42.72,55.36,75.6,310.36,133.66,86.97,59.98,78.82,41.09,52.6,40.26,10.2,18.0,50.97,31.38,69.42,19.07,78.58,196.45,53.14,1131012.75,1256680.84,1214.96,257.49,4528.2,1661.31,476.84,126.92,11513.33,47276.83,1436.54,1115.86,1885.58,2261.16,6462.65,2938.35,14262.82,8876.13,338668.98,15888.14,18237.45,15.0
Malaysia,87.97,676.7,121.81,79.06,21.97,12.64,48.64,25.78,36.58,57.61,391.68,119.28,74.18,37.32,76.79,38.86,25.47,30.33,28.87,16.79,121.81,20.3,338.35,27.07,20.3,135.34,13.88,1083185.84,875759.68,1436.06,284.54,796.33,1057.34,193.41,121.81,4882.71,187100.81,1608.98,872.32,2045.86,1824.09,10694.35,7663.6,19285.87,12774.41,58531.63,32755.45,26896.07,4.04
Maldives,191.18,935.11,332.48,92.6,38.19,11.19,55.39,45.56,31.0,51.12,307.55,143.06,109.67,107.36,105.2,102.3,36.02,34.55,109.84,15.59,228.58,20.78,654.58,51.95,51.95,259.75,31.37,1246812.42,900475.64,4512.27,1545.53,2919.62,2308.91,1039.01,259.75,4428.78,79224.54,1421.83,1194.86,2990.04,2539.8,30346.03,20910.08,51950.52,42079.92,78759.64,58011.46,32122.74,13.5
Malta,522.55,2438.55,323.11,84.1,73.87,51.4,37.17,39.56,94.34,100.78,300.87,276.67,91.36,63.02,83.21,92.38,54.12,63.86,55.66,27.16,198.57,69.67,905.75,174.18,69.67,1219.28,46.7,801238.99,903854.19,3331.42,862.8,1070.93,1982.62,758.04,313.53,16582.99,293806.99,2988.07,1315.32,2824.74,3448.81,32566.72,27174.48,56706.04,42769.12,129587.97,101112.18,50084.94,4.69
Mauritania,162.89,803.15,203.61,77.8,65.4,50.74,45.27,10.32,33.65,71.49,193.27,146.93,73.49,60.3,44.51,30.63,24.79,23.72,19.16,24.25,81.45,14.66,936.62,28.51,12.22,179.98,39.92,244335.83,296813.74,2764.45,814.45,1883.42,1258.47,8144.53,142.53,2627.15,226545.98,580.8,631.7,2237.65,1150.41,6782.64,4479.49,17596.0,8796.09,110378.33,37205.06,21799.17,13.0
Mauritius,208.03,1040.13,173.36,71.04,30.21,18.78,39.69,21.36,65.96,66.27,301.56,179.96,67.49,57.68,66.33,96.93,34.71,35.7,27.32,18.48,187.22,27.74,701.74,104.01,81.13,346.71,48.79,970789.55,1020412.5,1667.64,587.18,995.02,1081.22,338.04,173.36,4918.67,124295.73,1376.94,1166.58,2408.06,1990.12,13615.91,9776.72,23609.35,20597.35,37896.9,30519.0,18663.84,6.12
Mexico,312.41,1366.77,292.88,108.33,42.89,31.89,51.71,89.29,59.14,84.57,300.91,272.74,97.41,47.31,58.58,59.18,69.1,58.57,41.84,34.43,146.44,21.48,937.22,97.63,58.58,292.88,46.46,760511.68,795274.06,2376.43,841.55,1009.56,1232.4,663.65,165.97,8530.22,183879.46,1869.09,1412.06,3243.34,2991.04,22758.32,15586.06,43391.83,29413.27,67515.5,45114.26,25447.08,11.4
Moldova,236.85,1093.17,218.63,50.32,27.29,18.01,35.61,17.26,50.39,78.28,333.16,166.28,24.17,58.2,51.8,62.38,21.11,22.45,38.97,23.47,87.27,10.93,426.34,54.66,9.11,109.32,44.51,550887.08,667229.39,6778.73,254.12,338.71,1179.67,577.71,218.63,11951.52,133295.28,1722.5,1365.93,2926.81,3609.94,12946.46,9693.76,23763.69,18469.29,47854.28,33003.79,17940.97,12.33
Monaco,958.0,4702.92,374.49,124.21,166.32,239.16,75.48,139.35,142.39,139.0,696.73,521.68,121.93,232.24,101.84,151.82,124.89,127.94,88.75,185.79,435.46,69.67,766.4,202.05,59.22,3135.28,73.16,1688088.63,1574213.99,11532.59,1811.5,2389.78,11670.22,1654.73,418.04,103348.22,1075576.26,4598.42,1924.72,5173.22,20048.39,218487.63,162542.47,735049.69,357073.9,2622689.13,2029224.84,247918.15,2.92
Mongolia,139.68,931.19,139.68,74.67,24.03,15.17,41.24,24.96,50.32,63.37,407.4,141.37,102.54,83.34,117.54,95.95,18.52,32.8,30.18,20.11,55.87,4.66,232.8,18.62,18.62,83.81,30.71,633212.06,560602.19,2242.42,238.65,384.12,1745.99,426.8,121.06,4589.46,192679.6,1356.05,1099.97,2502.58,2956.54,14483.77,9674.07,26901.17,18274.69,44303.35,28105.13,11081.21,6.5
Montenegro,313.53,1393.46,209.02,66.31,67.88,45.2,45.31,29.25,65.95,93.36,259.21,226.2,38.75,57.47,46.09,77.07,31.87,38.09,37.18,26.37,121.93,34.84,1045.09,34.84,34.84,348.36,52.58,870911.95,990351.3,3916.94,609.84,889.24,1250.54,415.72,174.18,8819.13,223550.66,2297.55,1069.98,3058.64,3780.78,20998.39,16066.38,39010.85,28773.59,74845.65,57143.06,26670.67,6.06
Morocco,111.77,798.36,191.61,51.82,17.58,11.19,25.13,15.43,51.97,57.73,281.2,176.77,42.42,36.81,23.61,24.11,21.8,22.16,13.46,18.26,121.35,15.97,638.69,22.35,23.95,159.67,48.02,862234.0,796229.62,1265.98,321.7,1148.67,726.0,749.21,191.61,3429.68,105695.31,1253.5,1274.27,2515.57,2248.88,10777.98,6288.02,20003.56,11476.17,44820.67,25679.91,13421.86,4.26
Mozambique,351.93,1633.96,262.69,60.77,32.64,24.48,50.73,35.19,42.95,64.98,540.97,155.85,59.15,27.98,43.36,39.22,27.37,29.33,25.98,25.89,75.41,9.3,422.97,100.55,125.69,789.33,43.38,1055790.59,588226.19,2453.82,663.39,3424.62,1778.5,837.93,213.67,9053.2,128318.99,842.12,2193.28,2094.82,2953.7,27031.59,7820.67,46242.51,32468.7,115920.55,65358.47,8546.88,21.67
Myanmar,63.3,698.1,178.15,60.97,18.68,15.56,53.43,33.31,38.08,42.16,291.93,167.16,90.17,30.79,58.15,45.95,40.41,30.23,39.19,10.65,48.19,5.62,347.71,41.54,27.95,128.5,250.12,1461298.95,1709593.85,1247.17,341.24,1534.34,1009.04,249.71,128.5,13564.4,329293.55,1460.89,1648.02,2342.75,2335.42,21163.13,7656.74,33690.3,30100.04,27792.79,8397.04,8521.58,11.5
Namibia,259.4,1167.3,142.67,53.03,26.01,25.22,40.33,24.32,49.96,84.27,207.86,146.98,58.28,53.26,45.35,47.09,48.68,45.48,48.3,31.7,86.47,22.48,691.74,22.48,24.21,207.52,37.36,432334.4,455392.23,2470.33,472.11,1753.15,1099.12,224.81,112.41,4089.88,108247.89,1199.73,810.41,1923.89,1527.58,10721.89,8276.27,25075.39,20044.59,20035.37,15996.37,24751.14,10.3
Nepal,60.35,627.68,241.17,49.66,15.12,5.73,24.88,16.66,25.54,48.64,249.72,101.14,76.66,31.91,38.64,20.41,13.55,19.28,10.9,8.42,96.57,7.24,289.7,72.42,28.97,120.71,42.42,1086361.84,1493962.24,1319.26,156.48,326.62,720.33,312.11,108.64,2459.48,103240.02,785.27,1115.33,1480.67,1127.54,5155.17,3148.17,9368.41,5690.34,60104.23,34034.34,6891.8,13.71
Netherlands,522.55,2438.55,383.2,113.68,92.24,77.8,37.88,56.15,101.01,138.61,391.38,487.68,57.31,75.8,57.95,99.4,63.91,56.3,34.56,24.07,285.66,118.44,2786.92,125.41,83.61,919.68,67.15,983085.41,1037420.01,7848.79,801.8,1420.72,1256.0,543.47,435.46,56663.7,254834.59,2603.35,1037.41,2850.76,3484.26,47496.67,37880.8,72457.03,57460.34,192713.38,140041.5,111227.02,4.26
New Zealand,483.02,2318.48,289.81,106.75,75.95,64.85,58.98,63.65,62.88,216.88,277.56,309.11,90.8,74.53,97.76,181.14,73.57,62.83,85.13,35.83,752.44,67.62,3864.14,77.28,67.62,1159.24,54.14,772827.79,672865.92,4520.7,1206.13,1693.71,1217.63,508.02,367.09,24580.29,386033.0,2315.95,1438.18,3244.7,3838.44,36167.18,31235.32,59556.33,49562.85,208214.11,174792.69,95576.19,6.91
Nicaragua,128.5,937.46,180.23,64.1,27.31,22.98,34.58,41.98,34.65,59.72,145.43,165.94,159.57,47.55,118.55,42.9,63.41,50.37,28.7,27.53,93.97,7.23,296.82,19.28,18.21,321.26,42.98,658587.1,888824.87,2309.52,524.51,1668.02,1034.38,0.0,224.88,3828.37,238537.04,1428.19,1313.38,2527.11,1928.9,10360.7,7128.0,20400.14,15170.71,30841.25,24748.43,9027.38,14.0
Niger,159.32,1062.16,318.65,86.3,37.84,19.12,73.29,13.28,35.41,73.55,531.08,236.77,99.58,39.17,75.68,51.78,39.83,18.59,19.92,30.54,79.66,10.62,398.31,15.93,13.28,265.54,29.47,637294.42,765722.52,7257.07,531.08,1504.72,1770.26,132.77,132.77,30094.46,146046.64,1327.7,1504.72,1327.7,1327.7,25890.09,11870.47,21907.0,13896.56,7966180.26,2655393.42,9670.06,11.0
Nigeria,77.11,1200.39,188.97,79.96,11.95,7.51,93.31,45.86,74.73,64.93,117.52,163.49,118.05,74.94,56.57,80.29,84.79,55.33,39.91,14.75,41.56,21.39,872.24,35.88,57.5,139.41,19.25,386909.7,765116.32,936.2,310.1,1249.98,1242.99,289.59,230.09,2684.3,51532.04,568.24,861.1,1987.14,1809.34,27559.85,17150.46,64134.62,38531.22,26352.35,11405.11,5545.47,20.08
North Macedonia,175.14,847.44,149.72,52.13,48.17,33.61,39.92,22.84,45.98,67.9,239.0,233.42,28.3,44.08,37.78,53.62,27.34,29.37,17.72,15.92,90.39,22.6,803.15,33.9,19.77,169.49,46.57,1016932.99,880430.53,4681.45,552.59,615.98,927.44,408.03,169.49,7815.04,121013.29,1953.27,1131.01,2486.24,2767.84,9209.27,7014.66,15515.61,10936.9,56849.28,41886.77,17801.59,5.17
Norway,598.84,2994.22,389.25,140.96,96.55,81.05,64.96,98.19,90.93,122.87,343.72,428.84,95.56,70.37,92.27,130.46,65.97,71.84,77.0,65.6,449.13,119.77,2393.88,314.39,50.9,1616.88,64.56,1072230.71,1096204.78,6629.52,1308.86,1759.3,1364.75,933.74,449.13,9822.1,192316.78,2726.45,1399.75,3188.47,4168.21,39955.04,27735.76,58559.04,45107.69,202316.65,139618.84,106837.03,4.06
Oman,166.91,834.56,250.37,154.08,24.35,8.93,60.39,36.94,56.67,76.31,183.51,165.34,74.05,58.01,57.89,38.14,30.77,30.73,36.11,17.34,187.77,41.73,1856.89,125.18,29.21,354.69,19.89,730235.74,659695.97,3306.66,1338.5,2414.76,1498.18,951.91,292.09,6286.98,254267.08,1382.98,1189.49,2641.02,2294.08,18138.34,12267.96,30600.36,21424.22,50759.5,32830.47,69968.85,4.84
Pakistan,57.88,434.07,115.75,52.39,9.56,7.11,24.57,18.37,38.1,36.91,159.91,91.27,31.7,20.73,24.42,14.81,10.76,14.3,10.26,10.79,57.88,5.79,231.51,23.15,15.63,57.88,32.72,520888.86,720828.51,2645.47,129.8,457.31,391.01,213.48,115.75,1186.1,31775.3,469.19,670.54,1743.69,957.08,3338.78,2177.12,7695.83,5225.04,17814.75,10981.39,5730.93,19.1
Palestine,213.43,853.73,239.05,73.64,25.3,18.98,54.71,26.4,67.77,71.76,186.75,208.56,60.59,42.96,36.95,40.82,32.87,29.31,37.98,24.34,230.51,34.15,1775.77,85.37,42.69,426.87,58.28,1109854.85,1274095.75,2959.08,470.45,1296.15,1478.97,531.45,256.12,5168.65,86881.71,1579.41,1508.26,2797.92,1885.05,10139.21,7703.26,18717.2,14678.17,30651.57,22735.58,20317.55,7.52
Panama,321.26,1927.57,257.01,112.88,50.01,38.59,55.1,75.11,66.76,78.8,330.63,229.2,103.21,43.65,88.71,95.13,66.31,67.66,60.66,48.64,184.73,14.46,803.15,64.25,56.22,642.52,31.53,779060.35,648578.55,3071.49,965.18,1548.88,1517.72,1011.98,216.85,11601.13,264739.16,1572.72,1242.21,2529.21,2739.18,26098.08,17387.09,55653.92,33125.32,73789.87,44976.68,25462.99,6.2
Papua New Guinea,272.77,1342.85,251.78,86.15,30.63,29.37,55.95,44.32,45.06,114.56,172.89,216.35,100.83,80.85,98.76,87.29,100.71,90.01,93.02,34.62,209.82,16.79,1131.2,167.86,50.36,419.64,37.84,1342848.92,979160.67,3352.46,1972.31,8602.63,1615.62,559.52,251.78,11873.02,153448.46,1007.14,1089.39,2210.11,2668.91,103705.89,20968.15,104385.52,28175.85,254989.85,2210105.51,10246.22,15.17
Paraguay,130.95,742.07,152.78,60.96,30.81,17.71,27.68,23.76,27.38,59.94,197.33,111.66,64.86,28.86,33.34,48.99,27.94,26.64,17.46,16.02,54.56,15.71,1124.42,34.92,54.56,218.26,34.69,453971.28,785626.73,1761.15,505.26,597.76,880.22,436.51,196.43,6038.4,92685.8,2035.23,967.6,2330.44,2117.08,12986.2,9988.94,24553.74,16703.01,36208.54,26924.48,10521.0,10.5
Peru,126.47,872.21,174.44,83.58,25.75,16.56,41.15,63.99,36.62,72.2,201.15,158.4,50.12,32.19,30.47,32.75,29.39,29.18,21.21,24.62,174.44,17.44,546.08,52.33,52.33,213.69,47.33,689047.25,757642.94,1995.44,372.0,956.19,1013.9,479.72,209.33,5520.89,175244.05,1347.37,871.69,2544.15,2491.04,13346.17,9453.27,24889.22,16885.79,52618.19,42745.07,12922.37,9.84
Philippines,113.54,681.24,113.54,76.88,23.48,12.42,55.4,38.7,29.51,65.28,230.49,134.98,89.21,47.11,83.92,49.77,64.31,81.02,43.56,23.05,85.16,8.52,340.62,22.71,7.95,85.16,38.29,738011.3,656375.95,3382.27,1239.8,986.64,1021.69,165.32,170.31,4769.69,169480.7,1288.06,769.62,2225.13,2025.47,10023.72,5567.11,21625.24,11635.21,85869.18,44410.86,12238.35,7.25
Poland,284.66,1301.32,244.0,103.66,58.83,46.52,30.64,38.41,46.15,95.4,282.73,197.99,30.19,51.01,54.15,85.27,25.62,37.94,37.96,19.67,150.46,35.79,967.86,65.07,24.4,325.33,53.65,1012588.62,886842.45,8447.72,286.29,480.8,1082.14,598.42,227.73,10773.33,265519.23,2694.78,1336.55,2922.5,3533.84,26957.44,21168.8,44883.09,34817.18,135187.11,95654.54,44071.25,7.24
Portugal,348.36,1393.46,278.69,61.41,54.56,38.75,32.3,47.79,47.23,94.88,344.3,237.67,68.37,44.05,55.54,76.77,50.66,59.83,47.15,23.79,184.63,69.67,1393.46,121.93,27.87,522.55,59.75,1037290.97,1176015.46,3877.08,662.47,1284.88,1264.67,432.45,261.27,14052.09,326738.75,2518.57,1091.79,2510.78,2883.08,32724.0,25368.24,57566.37,41772.42,106935.98,71146.52,37105.23,4.45
Puerto Rico,417.64,2409.46,257.01,100.62,46.74,40.73,59.56,91.33,75.57,134.47,263.04,272.25,178.02,74.19,102.89,143.86,98.14,87.27,76.23,56.25,329.29,48.19,1927.57,240.95,31.03,1124.42,31.73,947722.74,817129.88,8114.35,2228.74,1994.88,1135.45,781.74,257.01,11643.22,227354.65,1489.37,1391.43,2614.59,3102.46,30250.38,18226.25,49143.04,33498.44,64165.38,48143.15,75385.18,4.88
Qatar,264.7,1764.69,247.06,178.68,30.31,11.78,66.63,49.05,65.4,86.22,323.03,271.38,62.43,49.68,52.3,40.22,31.81,35.74,39.94,15.14,211.76,17.65,1235.28,75.0,75.0,397.06,18.35,705876.41,644617.29,3249.36,1501.62,2828.64,3676.51,1242.64,397.06,23951.75,351930.56,1956.96,1495.13,2809.48,2923.51,50783.89,32762.33,94451.08,64138.12,168338.13,121819.56,129975.77,4.74
Romania,310.93,1401.54,210.23,84.69,58.08,52.18,48.64,36.77,53.56,101.01,265.09,205.9,34.21,49.55,48.56,62.54,28.35,31.42,27.56,23.87,175.19,21.02,630.69,23.76,21.02,210.23,48.88,845202.63,817394.56,4672.82,254.98,291.2,1326.75,575.04,210.23,13312.22,256904.82,2100.27,1211.3,2357.39,2754.63,14336.93,10628.56,23577.65,17315.62,66965.81,49013.4,27098.54,7.06
Russia,243.1,1041.85,138.91,60.28,26.53,13.32,27.15,16.48,35.83,40.62,256.97,122.89,38.48,38.67,49.94,64.93,14.9,14.66,30.9,16.67,69.46,13.2,868.21,52.09,10.42,166.7,18.55,937667.4,899867.08,2882.45,164.39,192.9,849.94,567.97,138.91,7926.43,199583.76,1996.41,1167.68,2593.39,2656.86,13179.08,8778.88,23522.2,15387.6,71501.82,45768.75,17727.48,11.61
Rwanda,103.13,1000.01,206.25,70.83,22.81,16.67,25.66,33.75,42.5,50.42,141.61,156.22,106.41,34.01,56.56,34.42,14.58,18.94,15.47,22.78,62.5,25.0,625.0,125.0,28.13,281.25,39.99,737505.21,793755.6,1418.85,390.63,905.13,991.67,191.67,125.0,5739.46,168369.59,625.0,1263.95,904.2,1200.01,12968.84,9285.8,29375.21,12656.34,424730.07,650004.59,8450.06,16.93
Saint Vincent And The Grenadines,237.75,1783.1,356.62,87.17,59.44,56.46,93.92,56.71,61.34,127.17,529.27,201.55,375.81,65.02,325.1,159.47,137.18,99.66,121.85,99.85,142.65,47.55,1783.1,356.62,59.44,1188.74,89.92,1069862.91,733054.21,2773.72,1188.74,1703.86,1624.61,376.43,237.75,5151.19,106986.29,2971.84,2971.84,4358.7,4160.58,15057.33,9311.77,57059.36,21793.5,35187.5,22392.04,30907.15,12.0
San Marino,522.55,2038.3,237.8,47.9,73.38,40.28,40.06,46.45,38.32,79.89,359.98,255.47,61.83,69.44,60.96,58.06,40.64,58.87,34.84,26.56,174.18,69.67,1358.62,344.88,57.48,766.4,54.0,748984.28,766402.52,3081.69,696.73,1045.09,2438.55,783.82,278.69,11379.86,174182.39,3367.53,1161.22,3135.28,3832.01,20466.43,18289.15,23253.35,18289.15,97542.14,88397.56,91579.29,3.85
Saudi Arabia,214.12,1413.17,239.81,123.99,23.74,8.35,53.15,30.76,69.29,83.42,236.03,242.01,67.89,51.93,52.01,53.41,39.77,37.54,39.06,19.68,239.81,34.26,856.46,85.65,53.22,428.23,19.8,770817.7,696255.96,3331.78,1113.96,2306.47,3012.42,1306.78,556.7,10828.76,233880.92,1576.79,1886.53,3134.3,2731.25,16179.38,12556.63,27570.85,19120.28,51861.14,35359.52,67518.72,4.67
Senegal,185.88,1968.82,265.54,125.47,47.11,36.21,79.96,20.41,34.85,77.05,438.52,352.47,71.03,57.09,70.89,55.39,42.04,35.85,27.09,20.25,42.49,11.95,663.85,79.66,106.22,477.97,51.51,876279.83,867428.52,3823.59,292.09,1539.37,2106.61,531.08,265.54,8098.95,295620.27,1911.88,1150.67,2644.81,2416.41,27714.11,11699.55,82189.22,29248.87,79661.8,45141.69,10090.49,8.19
Serbia,267.4,1188.46,252.55,60.13,56.85,40.16,41.33,22.97,73.31,80.12,271.77,218.87,33.79,53.3,52.74,64.67,32.91,29.65,21.55,18.69,118.85,19.31,742.79,59.42,28.52,285.23,54.02,912807.86,811337.81,5111.19,529.69,818.18,953.68,417.99,178.27,9014.31,210964.62,2483.07,1160.85,3052.52,3465.06,17184.21,11268.61,29741.6,19946.81,93044.3,60825.02,22317.55,7.01
Seychelles,534.41,2169.51,237.51,165.2,68.97,61.63,70.58,60.38,64.52,112.42,696.71,218.51,65.32,92.04,63.54,213.76,41.57,38.95,47.5,62.35,451.28,28.5,855.05,296.89,106.88,475.03,49.5,851106.2,1187572.08,3547.37,1422.71,4497.1,2731.45,470.29,178.14,5344.07,271190.19,2179.27,847.55,2335.33,2433.26,34064.32,26376.22,64815.44,47707.89,21005.08,27990.1,26456.06,17.67
Sierra Leone,96.38,963.79,321.26,53.46,30.52,26.18,64.25,16.06,32.13,62.65,72.93,240.95,128.5,64.25,41.76,160.63,64.25,52.31,32.13,56.22,61.96,16.06,0.0,24.09,40.16,160.63,41.02,385514.4,803155.0,4637.95,523.34,2409.46,1606.31,0.0,183.12,2570.1,61039.78,321.26,257.01,642.52,1606.31,38551.44,1606.31,31001.78,3212.62,34580.35,34580.35,53811.38,10.0
Singapore,357.11,2380.76,238.08,152.5,49.0,36.5,94.72,66.5,82.65,107.9,608.24,338.14,134.09,102.45,126.35,89.83,73.71,70.72,53.87,43.25,380.92,47.62,3047.37,103.56,23.81,476.15,67.92,4285359.85,3771966.41,5051.87,559.78,1118.27,3236.09,414.09,357.11,35676.73,866804.3,2195.22,1392.92,2989.73,3504.47,90452.84,63277.08,167805.16,118114.26,646956.34,422670.63,147463.86,3.54
Sint Maarten,578.27,3533.88,281.1,116.21,90.86,107.09,100.56,71.74,62.65,112.28,326.62,285.12,126.1,97.04,123.4,105.77,98.31,91.49,86.22,53.48,642.52,52.21,1485.97,321.26,173.19,185.75,41.49,698771.95,691062.63,8898.96,963.79,3416.09,1974.49,612.44,289.14,14658.26,321262.0,1974.49,1064.25,2740.85,2242.21,32846.54,29918.2,106016.46,79512.34,73087.1,38551.44,53644.85,6.12
Slovakia,278.69,1393.46,278.69,78.96,56.15,46.37,33.55,46.01,58.4,104.97,406.15,233.09,53.15,57.63,69.94,133.33,38.58,38.5,44.15,25.45,174.18,34.84,1045.09,104.51,34.84,522.55,56.34,811341.57,783579.58,7860.07,1047.63,628.87,1241.45,477.5,278.69,16406.12,369576.32,2195.53,1116.46,2627.88,3040.27,20474.9,16692.48,33335.83,25277.56,129818.49,95713.34,38616.87,4.14
Slovenia,383.2,1741.82,278.69,66.0,86.08,60.92,43.73,60.83,77.77,112.95,426.42,331.61,63.3,54.3,70.43,102.34,36.23,48.91,49.92,26.0,174.18,45.29,1288.95,69.67,37.97,591.52,50.94,905748.43,876485.79,8288.45,365.65,1129.05,1461.65,598.86,278.69,15461.9,307915.76,2760.56,1317.02,3289.56,4208.25,23791.27,19566.49,43300.16,34636.37,145119.83,111849.21,51360.73,3.47
Somalia,96.38,481.89,160.63,37.48,23.32,11.74,51.32,30.34,38.3,76.04,155.28,143.23,100.82,44.44,79.99,34.04,31.11,31.99,24.09,22.49,38.55,9.64,963.79,48.19,19.28,176.69,33.73,216851.85,221670.78,3426.79,160.63,835.28,963.79,297.17,160.63,1258.28,32768.72,492.6,666.62,746.93,1211.27,5408.18,2288.75,13259.05,5863.03,723213.41,927691.28,11360.99,8.74
South Africa,257.74,1202.78,137.46,58.64,29.33,22.52,32.23,29.42,45.67,65.89,220.63,137.77,44.38,42.92,41.32,45.06,35.76,41.82,31.29,28.35,85.91,51.55,1374.6,34.37,30.93,154.64,40.03,601388.99,700708.43,3310.51,1016.65,1304.76,982.93,278.13,189.01,5948.19,133584.51,1410.39,907.83,2624.34,2391.68,13956.37,10746.54,26675.52,20716.51,31431.92,24716.43,42186.12,11.28
South Korea,225.86,1188.74,190.2,118.14,46.41,24.07,67.32,93.94,100.75,102.1,378.08,274.26,214.76,109.44,185.87,175.73,126.27,93.59,74.84,34.56,106.99,34.47,1426.49,102.23,23.77,285.3,39.57,897047.73,775581.2,5308.76,1516.07,698.46,1478.74,518.34,344.73,11191.28,667315.61,1848.84,1357.99,2603.34,3603.68,15899.41,11643.01,47938.68,28911.64,370831.05,251411.1,78378.7,4.65
Spain,418.04,1741.82,296.11,63.67,68.83,51.53,36.2,44.36,45.45,84.75,411.15,242.37,68.89,58.49,58.7,78.37,50.26,54.62,36.01,22.67,181.15,52.25,1163.54,121.93,41.8,766.4,56.01,1162319.09,890634.09,4528.33,640.69,1111.53,1362.9,440.07,278.69,14227.99,277064.25,2531.0,1024.09,2568.63,2992.33,32628.5,24395.96,52521.65,36697.25,118588.04,70573.95,60773.63,3.49
Sri Lanka,96.83,645.51,215.17,73.11,22.1,11.09,50.73,19.97,25.06,68.32,387.03,160.12,209.17,30.98,174.37,43.18,35.18,28.97,39.58,17.69,236.69,5.38,190.96,12.91,10.76,19.37,42.2,1117806.21,1202109.71,1470.32,157.71,484.88,412.0,177.8,107.58,920.29,17425.03,870.19,570.89,1861.76,1079.63,6726.88,3744.98,19690.52,8145.19,50985.01,35909.09,6342.35,18.01
Suriname,210.25,1766.94,214.44,60.58,33.75,16.28,38.15,37.23,40.53,92.37,420.45,132.99,160.67,46.14,76.07,180.23,36.43,44.23,84.88,40.64,181.34,15.05,2891.36,69.87,96.38,401.58,34.11,803155.0,803155.0,2001.72,803.15,1074.54,421.23,642.52,148.89,1430.91,13517.82,935.51,901.2,2426.11,4515.75,16374.35,6590.42,52057.34,17055.18,5996.89,5622.08,8294.88,16.25
Swaziland,51.55,859.13,72.17,50.26,26.2,15.46,31.79,22.81,38.23,49.83,271.06,128.35,43.39,21.08,30.93,38.27,24.52,30.54,17.87,21.91,82.48,34.37,902.08,86.49,86.2,103.1,38.07,515476.28,689045.33,2348.28,1073.91,1726.11,859.13,154.64,111.69,3858.28,151593.85,1288.26,801.85,1933.04,2001.1,6443.45,4570.56,13230.56,9965.87,10309.53,7732.14,15979.76,8.75
Sweden,374.61,2407.14,300.89,127.92,69.82,62.59,49.13,88.63,107.65,125.33,351.69,370.66,89.25,79.67,91.85,136.53,47.56,53.56,67.38,44.87,210.62,105.31,2527.49,180.54,58.67,1775.26,58.85,929756.46,934582.31,3264.6,865.13,976.28,1156.49,806.88,451.34,4250.79,78346.73,2613.3,1170.61,2787.68,3953.56,30920.33,21934.9,47082.26,36753.01,169311.81,103865.73,88538.49,4.74
Switzerland,890.53,4274.55,534.32,171.45,150.93,135.37,59.8,110.38,101.21,217.9,858.65,843.73,131.17,87.81,103.54,137.78,84.07,82.64,77.6,45.54,320.59,124.67,2849.7,249.35,142.49,2457.87,66.55,1168377.01,1178187.1,8342.3,1706.85,1737.91,2718.02,1364.44,676.8,87791.92,1032474.52,3992.25,1954.62,4227.21,5753.92,62741.86,49431.56,110516.93,89212.08,535027.47,394936.25,210209.36,2.5
Syria,120.47,608.8,137.88,29.02,25.29,14.41,25.51,24.14,39.71,50.64,116.53,142.99,28.56,52.24,21.95,19.27,16.55,15.69,9.57,16.29,96.38,3.21,385.51,32.13,32.13,176.23,55.2,803155.0,851344.3,2046.44,302.88,1148.74,332.6,174.91,96.38,1667.59,37704.51,673.23,842.35,1657.71,1372.49,5399.48,3106.01,10352.23,5951.16,41053.51,18266.58,1499.54,12.22
Taiwan,150.0,950.0,153.0,94.26,32.05,21.65,96.85,60.88,96.15,92.39,477.84,271.03,134.09,64.07,83.5,106.05,84.17,73.16,59.41,35.76,120.0,24.5,1200.0,85.0,25.0,300.0,30.94,1000000.0,787405.41,2624.27,827.94,741.45,1150.68,355.0,300.0,16833.33,488769.5,2138.08,1012.92,2641.55,3306.25,14774.52,10878.02,34296.45,25308.22,255786.49,158919.17,51140.64,1.86
Tajikistan,168.78,607.86,289.14,57.24,18.45,8.33,24.22,18.66,52.0,51.51,269.3,126.64,36.58,69.1,76.19,33.37,17.43,13.07,24.22,15.37,58.71,7.34,146.76,29.35,8.81,176.12,27.65,631086.02,665331.0,2065.09,440.29,751.43,1092.58,227.48,146.76,3033.13,372355.43,953.97,1133.02,2406.93,1614.41,12368.05,6192.69,17460.01,11329.44,26881.42,15179.09,5502.7,20.0
Tanzania,99.75,798.03,249.38,64.79,19.09,8.92,39.9,26.03,32.91,56.69,262.81,153.19,99.63,28.88,26.58,27.49,23.86,33.55,19.44,12.69,52.99,7.48,280.56,49.88,37.41,124.69,38.19,436422.46,230680.44,1582.96,374.08,1554.76,1442.27,213.76,149.63,6812.41,161420.07,379.27,724.77,1662.56,1459.94,10635.26,6510.99,23368.51,15423.89,139452.95,150693.04,7543.87,16.39
Thailand,87.73,723.78,175.46,60.62,19.41,10.64,49.56,41.16,37.53,63.14,539.56,82.35,82.93,36.92,59.26,42.91,43.42,35.15,34.37,14.54,127.21,26.32,1008.9,30.71,35.09,157.91,36.34,850985.68,780245.15,2215.28,426.52,518.59,1421.15,285.16,193.01,12059.93,344360.65,1387.39,1030.45,2745.53,2223.18,14614.16,7452.3,30809.78,19702.07,112370.09,62877.56,16846.47,5.47
Timor-Leste,160.63,1606.31,248.98,117.8,64.25,50.2,61.58,63.61,70.28,81.92,192.76,273.07,160.63,56.22,108.43,80.32,32.13,68.27,32.13,17.13,80.32,8.03,1807.74,128.5,96.38,401.58,37.53,693058.51,625143.73,4283.49,963.79,2463.01,1807.1,361.42,208.82,10708.73,342679.47,1967.73,1285.05,2369.31,1981.12,31483.68,28110.42,69071.33,49795.61,149922.27,128504.8,170547.29,5.37
Togo,71.24,610.74,221.82,123.92,79.77,42.49,59.01,22.87,52.72,50.72,237.22,192.52,61.96,59.75,123.92,107.1,88.51,131.0,19.47,28.05,53.11,18.59,1593.24,18.59,10.62,146.37,34.59,424862.95,778915.4,4506.62,701.02,1869.4,1026.75,265.54,265.54,3452.01,213281.2,672.7,725.81,1009.05,2531.48,8563.64,3252.86,11965.47,8021.24,38503.2,14073.59,17702.62,8.0
Trinidad And Tobago,285.19,2376.61,237.66,110.87,32.14,25.31,71.59,73.9,85.07,123.54,238.58,274.45,146.37,71.26,108.48,135.34,37.31,45.56,49.09,38.31,180.62,35.65,2376.61,33.27,28.52,475.32,32.44,1010058.02,1066677.19,2626.15,1406.52,1790.85,1584.4,431.75,261.43,6702.03,144854.2,1873.42,1505.18,3353.66,3063.99,16983.76,12050.04,32975.42,23560.73,122369.24,49244.55,26275.77,5.64
Tunisia,102.74,616.43,154.11,25.9,18.22,8.36,14.8,4.8,32.27,47.75,314.56,175.62,55.26,87.16,32.33,22.19,19.37,17.04,12.98,8.77,102.74,8.22,308.21,9.25,10.27,128.42,25.81,1232857.05,1034249.65,1602.26,311.42,698.25,836.39,356.04,159.24,2554.18,81046.65,1278.17,1643.59,2945.16,2187.47,6562.09,4650.72,10964.72,7661.35,29635.77,20419.19,9676.74,11.69
Turkey,200.34,901.53,200.34,76.18,34.02,12.9,26.89,21.71,47.69,50.68,237.51,180.24,32.02,43.79,34.83,28.22,19.12,12.49,29.5,12.13,57.1,16.78,1179.01,31.97,22.94,254.75,38.83,1349998.55,1354537.21,1941.21,242.1,329.45,1086.8,415.21,150.26,11189.08,232216.8,1414.54,1100.93,2719.53,2356.79,17856.24,12478.03,30575.02,20864.27,60392.28,36614.91,21059.24,32.91
Uganda,83.28,832.85,249.85,70.33,12.49,9.16,22.29,36.59,40.7,55.35,127.49,144.19,88.75,45.97,51.36,40.71,33.61,39.99,29.41,17.64,83.28,24.99,1499.12,24.99,12.49,66.63,48.31,333138.64,465561.26,1758.89,416.42,2695.81,1480.62,444.68,174.9,4892.97,144647.61,499.71,609.02,1101.21,1658.12,7426.22,5029.11,17397.24,10757.6,38524.71,301648.71,5621.71,19.25
Ukraine,206.82,789.62,165.45,38.76,20.72,14.08,31.8,20.17,47.63,58.93,254.25,126.49,22.85,48.91,49.86,61.58,14.72,24.19,33.59,16.48,70.32,10.75,330.91,53.77,9.93,124.09,43.94,953836.69,745472.58,2683.02,178.33,189.98,704.23,371.75,124.09,8783.33,151483.21,1780.1,1096.01,2552.52,2859.73,11023.99,7406.14,20176.43,12854.34,46955.87,29560.89,12581.58,16.71
United Arab Emirates,274.61,1749.65,279.94,172.17,36.52,21.26,64.75,45.65,63.21,96.3,294.18,244.5,70.34,56.34,65.55,44.76,36.22,33.98,58.37,19.54,201.21,65.61,2624.48,104.98,26.24,262.45,26.92,1312237.56,726922.29,5621.08,1928.05,3287.99,2384.03,1121.72,398.05,22008.25,309403.37,2006.95,2000.96,3239.29,3699.21,56438.64,38021.19,114172.77,75955.43,113722.58,80374.25,110410.97,4.41
United Kingdom,609.02,2436.07,284.21,127.91,70.69,50.91,50.08,49.45,63.98,120.35,281.64,265.68,85.15,46.11,85.85,107.73,44.76,42.24,30.99,43.0,527.81,101.5,2752.76,121.8,50.35,706.46,61.21,1148402.51,1006663.02,10260.02,501.58,1236.79,1313.01,443.61,406.01,50233.18,589109.45,2604.11,1271.92,3013.12,3066.64,43917.23,35635.64,71788.74,54770.46,208440.38,156369.45,95025.21,5.9
United States,642.52,2409.46,337.33,163.68,79.74,65.92,34.02,114.45,146.48,119.66,412.63,390.4,170.68,53.84,144.54,157.46,96.77,97.58,69.11,70.13,321.26,80.32,2313.09,120.47,55.89,963.79,31.0,1060164.6,837615.54,6628.22,1673.89,2283.7,1542.39,726.66,449.77,44328.69,738381.36,1685.24,1402.69,2855.93,3704.69,56867.03,46764.41,95361.76,77326.85,114612.22,90738.55,146897.47,6.56
Uruguay,521.69,1680.08,336.02,133.68,73.6,56.83,36.75,90.16,51.22,131.3,416.05,324.42,78.7,83.1,50.92,94.39,59.57,61.99,40.52,55.91,168.01,42.0,1512.07,50.4,54.6,378.02,65.01,1344064.99,1311136.94,4527.77,578.43,1342.86,1836.22,751.88,344.42,12644.82,263856.76,3172.99,1491.53,3770.9,3743.99,19499.74,14822.01,32125.9,26726.05,84237.36,61437.45,37077.35,7.35
Us Virgin Islands,722.84,4015.77,305.2,190.08,87.79,51.17,71.29,178.86,229.07,197.77,525.56,712.54,293.77,153.16,207.02,288.26,156.96,136.98,131.9,87.66,128.5,64.25,3212.62,642.52,99.81,562.21,40.59,1252921.8,1156543.2,10756.77,2570.1,2984.17,3689.16,1204.73,385.51,41362.48,631815.27,2409.46,2297.02,3694.51,3084.12,50531.84,43738.59,97449.47,99883.28,161374.98,207482.12,90582.5,6.27
Uzbekistan,160.63,744.82,124.49,55.72,17.33,11.68,34.67,15.5,55.32,55.99,219.01,123.27,43.61,59.06,74.76,51.17,16.63,14.24,14.03,11.66,64.25,4.22,346.59,16.87,9.64,160.63,32.77,481893.0,724606.25,1407.39,134.09,447.48,1237.5,387.4,144.66,7359.63,217403.84,1535.71,1751.33,3107.65,3500.47,15748.3,10198.91,27129.85,17147.22,40290.71,21741.32,12453.3,21.46
Venezuela,321.26,1606.31,321.26,62.88,38.53,28.62,58.33,59.98,40.24,75.38,168.96,190.15,151.93,42.86,50.61,54.69,53.13,59.28,34.49,42.82,118.59,16.06,963.79,128.5,86.74,305.2,16.06,995912.2,1141424.99,628.53,423.48,1239.9,1300.13,414.26,160.63,2148.25,239340.19,1557.05,1226.15,2382.69,2160.49,6607.29,6090.21,12089.42,10601.65,17420.24,20374.64,6043.05,25.91
Vietnam,64.34,643.41,154.42,56.13,16.18,9.81,46.84,32.21,29.38,51.73,378.82,117.03,102.0,33.89,47.15,33.96,38.41,37.89,26.17,16.24,40.53,9.01,257.36,19.3,19.3,128.68,30.72,1286814.44,1073717.97,2115.14,187.29,308.4,793.42,261.29,128.68,7816.69,439015.13,1030.03,904.34,2905.72,2941.29,11386.79,7159.35,24642.8,15588.39,84699.92,45356.26,14048.28,10.34
Yemen,218.09,769.72,320.72,132.56,53.29,22.98,74.3,41.94,132.18,141.47,237.4,335.71,175.07,59.51,138.94,83.66,73.3,62.47,20.21,34.48,141.12,25.66,2565.73,77.03,128.29,224.5,84.03,513146.95,1267131.37,2603.41,369.47,1711.39,2038.89,701.07,179.6,1731.0,68829.16,1946.23,2608.5,1974.81,2766.93,7571.1,4946.71,18072.5,12912.26,45872.5,25934.15,11843.11,11.25
Zambia,123.37,910.62,110.33,62.56,24.72,11.86,41.05,28.96,73.81,58.94,270.02,124.73,68.4,43.85,66.22,39.3,54.52,46.99,35.44,21.48,72.85,46.66,1237.43,92.23,33.58,295.47,43.68,257155.09,917510.31,3508.01,2798.91,4640.28,1263.32,362.08,100.1,3575.79,189046.93,813.48,775.83,2770.97,2747.7,8435.16,5126.97,25549.87,16497.98,64252.4,203458.66,9241.4,21.25
Zimbabwe,160.63,1285.05,160.63,86.05,20.56,14.61,48.42,32.83,45.42,64.7,283.51,169.96,99.08,53.83,69.18,54.28,41.01,61.8,27.41,33.39,57.83,32.13,995.91,160.63,67.47,160.63,52.42,803155.0,835281.2,2072.14,538.11,4372.73,1271.66,373.47,353.39,7603.2,232914.95,642.52,610.4,1255.84,1566.15,9548.62,7809.14,26905.69,20480.45,41369.93,38551.44,11403.42,13.4
